<meta>
	<info author="Jax + Talidan" description="Parachutes script" version="1.0.1"/>
	
	<min_mta_version server="1.3.1"/>
	
	<script src="utility.lua" type="client"/>
	<script src="parachute.lua"/>
	<script src="parachute_cl.lua" type="client" cache="false" />
	<script src="skydiving_cl.lua" type="client" cache="false" />
	<script src="openChute.lua" type="client" cache="false" />
	<script src="client_anim.lua" type="client" cache="false" />
	<file src="parachuteopen.mp3" />
	
	<export function="removeParachute" type="client"/>
	<export function="stopSkyDiving" type="client"/>
	
	<export function="isPlayerSkyDiving" type="client"/>
	<export function="isPlayerParachuting" type="client"/>
</meta>